sr_no,scn_no,sheet,reason
1,01/2025-26,DD_AD,"{'message': ""Could not find the 'group_name' column of 'dggi_scn_records' in the schema cache"", 'code': 'PGRST204', 'hint': None, 'details': None}"
2,01/DD/GR.B2024-25,DD_AD,"{'message': ""Could not find the 'group_name' column of 'dggi_scn_records' in the schema cache"", 'code': 'PGRST204', 'hint': None, 'details': None}"
3,02/2024-25,DD_AD,"{'message': ""Could not find the 'date_of_bo_portal_upload' column of 'dggi_scn_records' in the schema cache"", 'code': 'PGRST204', 'hint': None, 'details': None}"
4,02/2025-26,DD_AD,"{'message': ""Could not find the 'group_name' column of 'dggi_scn_records' in the schema cache"", 'code': 'PGRST204', 'hint': None, 'details': None}"
5,03/2024-25,DD_AD,"{'message': ""Could not find the 'date_of_bo_portal_upload' column of 'dggi_scn_records' in the schema cache"", 'code': 'PGRST204', 'hint': None, 'details': None}"
6,03/2025-26/DD/GR.-B,DD_AD,"{'message': ""Could not find the 'group_name' column of 'dggi_scn_records' in the schema cache"", 'code': 'PGRST204', 'hint': None, 'details': None}"
7,04/ 2024-25/ Gr-E / NMS,DD_AD,"{'message': ""Could not find the 'date_of_bo_portal_upload' column of 'dggi_scn_records' in the schema cache"", 'code': 'PGRST204', 'hint': None, 'details': None}"
8,04/2025-26/DD/Gr-C,DD_AD,"{'message': ""Could not find the 'group_name' column of 'dggi_scn_records' in the schema cache"", 'code': 'PGRST204', 'hint': None, 'details': None}"
9,05/ 2024-25/ Gr-E / NMS,DD_AD,"{'message': ""Could not find the 'date_of_bo_portal_upload' column of 'dggi_scn_records' in the schema cache"", 'code': 'PGRST204', 'hint': None, 'details': None}"
10,05/2025-26,DD_AD,"{'message': ""Could not find the 'group_name' column of 'dggi_scn_records' in the schema cache"", 'code': 'PGRST204', 'hint': None, 'details': None}"
11,06/2024-25,DD_AD,"{'message': ""Could not find the 'group_name' column of 'dggi_scn_records' in the schema cache"", 'code': 'PGRST204', 'hint': None, 'details': None}"
12,06/2025-26,DD_AD,"{'message': ""Could not find the 'group_name' column of 'dggi_scn_records' in the schema cache"", 'code': 'PGRST204', 'hint': None, 'details': None}"
13,07/2024-25,DD_AD,"{'message': ""Could not find the 'group_name' column of 'dggi_scn_records' in the schema cache"", 'code': 'PGRST204', 'hint': None, 'details': None}"
14,07/2025-26,DD_AD,"{'message': ""Could not find the 'group_name' column of 'dggi_scn_records' in the schema cache"", 'code': 'PGRST204', 'hint': None, 'details': None}"
15,08/2024-25,DD_AD,"{'message': ""Could not find the 'group_name' column of 'dggi_scn_records' in the schema cache"", 'code': 'PGRST204', 'hint': None, 'details': None}"
16,09/DD/GR.B/2024-25,DD_AD,"{'message': ""Could not find the 'group_name' column of 'dggi_scn_records' in the schema cache"", 'code': 'PGRST204', 'hint': None, 'details': None}"
17,10/2024-25/DD/Gr-C,DD_AD,"{'message': ""Could not find the 'date_of_bo_portal_upload' column of 'dggi_scn_records' in the schema cache"", 'code': 'PGRST204', 'hint': None, 'details': None}"
18,11/2024-25/DD/Gr-C,DD_AD,"{'message': ""Could not find the 'date_of_bo_portal_upload' column of 'dggi_scn_records' in the schema cache"", 'code': 'PGRST204', 'hint': None, 'details': None}"
19,11/2025-26,DD_AD,"{'message': ""Could not find the 'group_name' column of 'dggi_scn_records' in the schema cache"", 'code': 'PGRST204', 'hint': None, 'details': None}"
20,12/2024-25,DD_AD,"{'message': ""Could not find the 'date_of_bo_portal_upload' column of 'dggi_scn_records' in the schema cache"", 'code': 'PGRST204', 'hint': None, 'details': None}"
21,13/2024-25,DD_AD,"{'message': ""Could not find the 'date_of_bo_portal_upload' column of 'dggi_scn_records' in the schema cache"", 'code': 'PGRST204', 'hint': None, 'details': None}"
22,14/2024-25,DD_AD,"{'message': ""Could not find the 'date_of_bo_portal_upload' column of 'dggi_scn_records' in the schema cache"", 'code': 'PGRST204', 'hint': None, 'details': None}"
23,15/2024-25,DD_AD,"{'message': ""Could not find the 'date_of_bo_portal_upload' column of 'dggi_scn_records' in the schema cache"", 'code': 'PGRST204', 'hint': None, 'details': None}"
24,15/2025-26,DD_AD,"{'message': ""Could not find the 'group_name' column of 'dggi_scn_records' in the schema cache"", 'code': 'PGRST204', 'hint': None, 'details': None}"
25,16/ 2025-26/ Gr-E / NMS,DD_AD,"{'message': ""Could not find the 'date_of_bo_portal_upload' column of 'dggi_scn_records' in the schema cache"", 'code': 'PGRST204', 'hint': None, 'details': None}"
26,16/2024-25,DD_AD,"{'message': ""Could not find the 'date_of_bo_portal_upload' column of 'dggi_scn_records' in the schema cache"", 'code': 'PGRST204', 'hint': None, 'details': None}"
27,16/2024-25,DD_AD,"{'message': ""Could not find the 'group_name' column of 'dggi_scn_records' in the schema cache"", 'code': 'PGRST204', 'hint': None, 'details': None}"
28,17/ 2025-26/ Gr-E / NMS,DD_AD,"{'message': ""Could not find the 'date_of_bo_portal_upload' column of 'dggi_scn_records' in the schema cache"", 'code': 'PGRST204', 'hint': None, 'details': None}"
29,18/2025-26,DD_AD,"{'message': ""Could not find the 'group_name' column of 'dggi_scn_records' in the schema cache"", 'code': 'PGRST204', 'hint': None, 'details': None}"
30,19/2025-26,DD_AD,"{'message': ""Could not find the 'group_name' column of 'dggi_scn_records' in the schema cache"", 'code': 'PGRST204', 'hint': None, 'details': None}"
31,20/2025-26,DD_AD,"{'message': ""Could not find the 'group_name' column of 'dggi_scn_records' in the schema cache"", 'code': 'PGRST204', 'hint': None, 'details': None}"
32,21/2025-26,DD_AD,"{'message': ""Could not find the 'group_name' column of 'dggi_scn_records' in the schema cache"", 'code': 'PGRST204', 'hint': None, 'details': None}"
33,22/2025-26/Gr-C,DD_AD,"{'message': ""Could not find the 'group_name' column of 'dggi_scn_records' in the schema cache"", 'code': 'PGRST204', 'hint': None, 'details': None}"
34,23/2025-26,DD_AD,"{'message': ""Could not find the 'group_name' column of 'dggi_scn_records' in the schema cache"", 'code': 'PGRST204', 'hint': None, 'details': None}"
35,24/2025-26/DD/Gr-C,DD_AD,"{'message': ""Could not find the 'group_name' column of 'dggi_scn_records' in the schema cache"", 'code': 'PGRST204', 'hint': None, 'details': None}"
36,25/2025-26/DD/Gr-C,DD_AD,"{'message': ""Could not find the 'group_name' column of 'dggi_scn_records' in the schema cache"", 'code': 'PGRST204', 'hint': None, 'details': None}"
37,26/2025-26/Gr-C,DD_AD,"{'message': ""Could not find the 'group_name' column of 'dggi_scn_records' in the schema cache"", 'code': 'PGRST204', 'hint': None, 'details': None}"
38,27/2025-26,DD_AD,"{'message': ""Could not find the 'group_name' column of 'dggi_scn_records' in the schema cache"", 'code': 'PGRST204', 'hint': None, 'details': None}"
39,28/2025-26,DD_AD,"{'message': ""Could not find the 'group_name' column of 'dggi_scn_records' in the schema cache"", 'code': 'PGRST204', 'hint': None, 'details': None}"
40,29/25-26,DD_AD,"{'message': ""Could not find the 'group_name' column of 'dggi_scn_records' in the schema cache"", 'code': 'PGRST204', 'hint': None, 'details': None}"
41,30/25-26,DD_AD,"{'message': ""Could not find the 'group_name' column of 'dggi_scn_records' in the schema cache"", 'code': 'PGRST204', 'hint': None, 'details': None}"
42,31/25-26,DD_AD,"{'message': ""Could not find the 'group_name' column of 'dggi_scn_records' in the schema cache"", 'code': 'PGRST204', 'hint': None, 'details': None}"
43,32/25-26,DD_AD,"{'message': ""Could not find the 'group_name' column of 'dggi_scn_records' in the schema cache"", 'code': 'PGRST204', 'hint': None, 'details': None}"
44,33/25-26,DD_AD,"{'message': ""Could not find the 'group_name' column of 'dggi_scn_records' in the schema cache"", 'code': 'PGRST204', 'hint': None, 'details': None}"
1,01-2026-27,DD_AD,"{'message': ""Could not find the 'group_name' column of 'dggi_scn_records' in the schema cache"", 'code': 'PGRST204', 'hint': None, 'details': None}"
2,02-2026-27,DD_AD,"{'message': ""Could not find the 'group_name' column of 'dggi_scn_records' in the schema cache"", 'code': 'PGRST204', 'hint': None, 'details': None}"
3,03-2026-27,DD_AD,"{'message': ""Could not find the 'group_name' column of 'dggi_scn_records' in the schema cache"", 'code': 'PGRST204', 'hint': None, 'details': None}"
4,04-2026-27,DD_AD,"{'message': ""Could not find the 'group_name' column of 'dggi_scn_records' in the schema cache"", 'code': 'PGRST204', 'hint': None, 'details': None}"
5,05-2026-27,DD_AD,"{'message': ""Could not find the 'group_name' column of 'dggi_scn_records' in the schema cache"", 'code': 'PGRST204', 'hint': None, 'details': None}"
6,06-2026-27,DD_AD,"{'message': ""Could not find the 'group_name' column of 'dggi_scn_records' in the schema cache"", 'code': 'PGRST204', 'hint': None, 'details': None}"
7,07-2026-27,DD_AD,"{'message': ""Could not find the 'group_name' column of 'dggi_scn_records' in the schema cache"", 'code': 'PGRST204', 'hint': None, 'details': None}"
1,01/2024-25,SIO,"{'message': ""Could not find the 'date_of_bo_portal_upload' column of 'dggi_scn_records' in the schema cache"", 'code': 'PGRST204', 'hint': None, 'details': None}"
2,01/2025-26,SIO,"{'message': ""Could not find the 'group_name' column of 'dggi_scn_records' in the schema cache"", 'code': 'PGRST204', 'hint': None, 'details': None}"
3,02/ 2024-25/ Gr-E / NMS,SIO,"{'message': ""Could not find the 'date_of_bo_portal_upload' column of 'dggi_scn_records' in the schema cache"", 'code': 'PGRST204', 'hint': None, 'details': None}"
4,02/2025-26,SIO,"{'message': ""Could not find the 'group_name' column of 'dggi_scn_records' in the schema cache"", 'code': 'PGRST204', 'hint': None, 'details': None}"
5,03/2024-25,SIO,"{'message': ""Could not find the 'date_of_bo_portal_upload' column of 'dggi_scn_records' in the schema cache"", 'code': 'PGRST204', 'hint': None, 'details': None}"
6,04/2024-25,SIO,"{'message': ""Could not find the 'date_of_bo_portal_upload' column of 'dggi_scn_records' in the schema cache"", 'code': 'PGRST204', 'hint': None, 'details': None}"
7,05/2024-25,SIO,"{'message': ""Could not find the 'group_name' column of 'dggi_scn_records' in the schema cache"", 'code': 'PGRST204', 'hint': None, 'details': None}"
8,05/2025-26,SIO,"{'message': ""Could not find the 'group_name' column of 'dggi_scn_records' in the schema cache"", 'code': 'PGRST204', 'hint': None, 'details': None}"
9,06/2025-26,SIO,"{'message': ""Could not find the 'group_name' column of 'dggi_scn_records' in the schema cache"", 'code': 'PGRST204', 'hint': None, 'details': None}"
10,07/2025-26,SIO,"{'message': ""Could not find the 'group_name' column of 'dggi_scn_records' in the schema cache"", 'code': 'PGRST204', 'hint': None, 'details': None}"
11,08/2025-26,SIO,"{'message': ""Could not find the 'gstins' column of 'dggi_scn_records' in the schema cache"", 'code': 'PGRST204', 'hint': None, 'details': None}"
12,09/2025-26,SIO,"{'message': ""Could not find the 'group_name' column of 'dggi_scn_records' in the schema cache"", 'code': 'PGRST204', 'hint': None, 'details': None}"
13,10/2025-26,SIO,"{'message': ""Could not find the 'group_name' column of 'dggi_scn_records' in the schema cache"", 'code': 'PGRST204', 'hint': None, 'details': None}"
14,11/2025-26,SIO,"{'message': ""Could not find the 'group_name' column of 'dggi_scn_records' in the schema cache"", 'code': 'PGRST204', 'hint': None, 'details': None}"
15,12/2025-26,SIO,"{'message': ""Could not find the 'group_name' column of 'dggi_scn_records' in the schema cache"", 'code': 'PGRST204', 'hint': None, 'details': None}"
1,01/2026-27,SIO,"{'message': ""Could not find the 'group_name' column of 'dggi_scn_records' in the schema cache"", 'code': 'PGRST204', 'hint': None, 'details': None}"
2,02/2026-27,SIO,"{'message': ""Could not find the 'group_name' column of 'dggi_scn_records' in the schema cache"", 'code': 'PGRST204', 'hint': None, 'details': None}"
1,01/2024-25,ADD_JD,"{'message': ""Could not find the 'date_of_bo_portal_upload' column of 'dggi_scn_records' in the schema cache"", 'code': 'PGRST204', 'hint': None, 'details': None}"
2,01/2025-26,ADD_JD,"{'message': ""Could not find the 'group_name' column of 'dggi_scn_records' in the schema cache"", 'code': 'PGRST204', 'hint': None, 'details': None}"
3,02/2024-25,ADD_JD,"{'message': ""Could not find the 'group_name' column of 'dggi_scn_records' in the schema cache"", 'code': 'PGRST204', 'hint': None, 'details': None}"
4,02/2025-26,ADD_JD,"{'message': ""Could not find the 'group_name' column of 'dggi_scn_records' in the schema cache"", 'code': 'PGRST204', 'hint': None, 'details': None}"
5,03/2024-25,ADD_JD,"{'message': ""Could not find the 'group_name' column of 'dggi_scn_records' in the schema cache"", 'code': 'PGRST204', 'hint': None, 'details': None}"
6,03/2025-26,ADD_JD,"{'message': ""Could not find the 'group_name' column of 'dggi_scn_records' in the schema cache"", 'code': 'PGRST204', 'hint': None, 'details': None}"
7,04/2024-25,ADD_JD,"{'message': ""Could not find the 'date_of_bo_portal_upload' column of 'dggi_scn_records' in the schema cache"", 'code': 'PGRST204', 'hint': None, 'details': None}"
8,04/2025-26,ADD_JD,"{'message': ""Could not find the 'group_name' column of 'dggi_scn_records' in the schema cache"", 'code': 'PGRST204', 'hint': None, 'details': None}"
9,05/2024-25,ADD_JD,"{'message': ""Could not find the 'group_name' column of 'dggi_scn_records' in the schema cache"", 'code': 'PGRST204', 'hint': None, 'details': None}"
10,05/2024-25,ADD_JD,"{'message': ""Could not find the 'group_name' column of 'dggi_scn_records' in the schema cache"", 'code': 'PGRST204', 'hint': None, 'details': None}"
11,05/2025-26,ADD_JD,"{'message': ""Could not find the 'group_name' column of 'dggi_scn_records' in the schema cache"", 'code': 'PGRST204', 'hint': None, 'details': None}"
12,06/2024-25,ADD_JD,"{'message': ""Could not find the 'group_name' column of 'dggi_scn_records' in the schema cache"", 'code': 'PGRST204', 'hint': None, 'details': None}"
13,06/2025-26,ADD_JD,"{'message': ""Could not find the 'date_of_adjudication' column of 'dggi_scn_records' in the schema cache"", 'code': 'PGRST204', 'hint': None, 'details': None}"
14,07/2024-25,ADD_JD,"{'message': ""Could not find the 'group_name' column of 'dggi_scn_records' in the schema cache"", 'code': 'PGRST204', 'hint': None, 'details': None}"
15,07/2025-26,ADD_JD,"{'message': ""Could not find the 'group_name' column of 'dggi_scn_records' in the schema cache"", 'code': 'PGRST204', 'hint': None, 'details': None}"
16,08/2024-25,ADD_JD,"{'message': ""Could not find the 'date_of_bo_portal_upload' column of 'dggi_scn_records' in the schema cache"", 'code': 'PGRST204', 'hint': None, 'details': None}"
17,08/2025-26,ADD_JD,"{'message': ""Could not find the 'group_name' column of 'dggi_scn_records' in the schema cache"", 'code': 'PGRST204', 'hint': None, 'details': None}"
18,09/2024-25,ADD_JD,"{'message': ""Could not find the 'group_name' column of 'dggi_scn_records' in the schema cache"", 'code': 'PGRST204', 'hint': None, 'details': None}"
19,09/2025-26,ADD_JD,"{'message': ""Could not find the 'date_of_adjudication' column of 'dggi_scn_records' in the schema cache"", 'code': 'PGRST204', 'hint': None, 'details': None}"
20,10/2024-25,ADD_JD,"{'message': ""Could not find the 'date_of_bo_portal_upload' column of 'dggi_scn_records' in the schema cache"", 'code': 'PGRST204', 'hint': None, 'details': None}"
21,10/2025-24,ADD_JD,"{'message': ""Could not find the 'group_name' column of 'dggi_scn_records' in the schema cache"", 'code': 'PGRST204', 'hint': None, 'details': None}"
22,11/2024-25,ADD_JD,"{'message': ""Could not find the 'group_name' column of 'dggi_scn_records' in the schema cache"", 'code': 'PGRST204', 'hint': None, 'details': None}"
23,11/2025-26,ADD_JD,"{'message': ""Could not find the 'group_name' column of 'dggi_scn_records' in the schema cache"", 'code': 'PGRST204', 'hint': None, 'details': None}"
24,12/2024-25,ADD_JD,"{'message': ""Could not find the 'group_name' column of 'dggi_scn_records' in the schema cache"", 'code': 'PGRST204', 'hint': None, 'details': None}"
25,12/2025-26,ADD_JD,"{'message': ""Could not find the 'group_name' column of 'dggi_scn_records' in the schema cache"", 'code': 'PGRST204', 'hint': None, 'details': None}"
26,13/2024-25,ADD_JD,"{'message': ""Could not find the 'group_name' column of 'dggi_scn_records' in the schema cache"", 'code': 'PGRST204', 'hint': None, 'details': None}"
27,13/2025-26,ADD_JD,"{'message': ""Could not find the 'group_name' column of 'dggi_scn_records' in the schema cache"", 'code': 'PGRST204', 'hint': None, 'details': None}"
28,14/2024-25,ADD_JD,"{'message': ""Could not find the 'group_name' column of 'dggi_scn_records' in the schema cache"", 'code': 'PGRST204', 'hint': None, 'details': None}"
29,14/2025-26,ADD_JD,"{'message': ""Could not find the 'group_name' column of 'dggi_scn_records' in the schema cache"", 'code': 'PGRST204', 'hint': None, 'details': None}"
30,15/2024-25,ADD_JD,"{'message': ""Could not find the 'group_name' column of 'dggi_scn_records' in the schema cache"", 'code': 'PGRST204', 'hint': None, 'details': None}"
31,15/2025-26,ADD_JD,"{'message': ""Could not find the 'group_name' column of 'dggi_scn_records' in the schema cache"", 'code': 'PGRST204', 'hint': None, 'details': None}"
32,16/2024-25,ADD_JD,"{'message': ""Could not find the 'date_of_adjudication' column of 'dggi_scn_records' in the schema cache"", 'code': 'PGRST204', 'hint': None, 'details': None}"
33,16/2025-26,ADD_JD,"{'message': ""Could not find the 'group_name' column of 'dggi_scn_records' in the schema cache"", 'code': 'PGRST204', 'hint': None, 'details': None}"
34,17/2024-25,ADD_JD,"{'message': ""Could not find the 'group_name' column of 'dggi_scn_records' in the schema cache"", 'code': 'PGRST204', 'hint': None, 'details': None}"
35,17/2025-26,ADD_JD,"{'message': ""Could not find the 'group_name' column of 'dggi_scn_records' in the schema cache"", 'code': 'PGRST204', 'hint': None, 'details': None}"
36,18/2024-25,ADD_JD,"{'message': ""Could not find the 'group_name' column of 'dggi_scn_records' in the schema cache"", 'code': 'PGRST204', 'hint': None, 'details': None}"
37,18/2025-26,ADD_JD,"{'message': ""Could not find the 'group_name' column of 'dggi_scn_records' in the schema cache"", 'code': 'PGRST204', 'hint': None, 'details': None}"
38,19/2024-25,ADD_JD,"{'message': ""Could not find the 'group_name' column of 'dggi_scn_records' in the schema cache"", 'code': 'PGRST204', 'hint': None, 'details': None}"
39,19/2025-26,ADD_JD,"{'message': ""Could not find the 'group_name' column of 'dggi_scn_records' in the schema cache"", 'code': 'PGRST204', 'hint': None, 'details': None}"
40,20/2024-25,ADD_JD,"{'message': ""Could not find the 'group_name' column of 'dggi_scn_records' in the schema cache"", 'code': 'PGRST204', 'hint': None, 'details': None}"
41,20/2025-26,ADD_JD,"{'message': ""Could not find the 'group_name' column of 'dggi_scn_records' in the schema cache"", 'code': 'PGRST204', 'hint': None, 'details': None}"
42,21/2024-25,ADD_JD,"{'message': ""Could not find the 'group_name' column of 'dggi_scn_records' in the schema cache"", 'code': 'PGRST204', 'hint': None, 'details': None}"
43,21/2025-26,ADD_JD,"{'message': ""Could not find the 'group_name' column of 'dggi_scn_records' in the schema cache"", 'code': 'PGRST204', 'hint': None, 'details': None}"
44,22/2024-25,ADD_JD,"{'message': ""Could not find the 'group_name' column of 'dggi_scn_records' in the schema cache"", 'code': 'PGRST204', 'hint': None, 'details': None}"
45,22/2025-26,ADD_JD,"{'message': ""Could not find the 'group_name' column of 'dggi_scn_records' in the schema cache"", 'code': 'PGRST204', 'hint': None, 'details': None}"
46,23/2024-25,ADD_JD,"{'message': ""Could not find the 'group_name' column of 'dggi_scn_records' in the schema cache"", 'code': 'PGRST204', 'hint': None, 'details': None}"
47,23/2025-26,ADD_JD,"{'message': ""Could not find the 'group_name' column of 'dggi_scn_records' in the schema cache"", 'code': 'PGRST204', 'hint': None, 'details': None}"
48,24/2024-25,ADD_JD,"{'message': ""Could not find the 'group_name' column of 'dggi_scn_records' in the schema cache"", 'code': 'PGRST204', 'hint': None, 'details': None}"
49,24/2025-26,ADD_JD,"{'message': ""Could not find the 'group_name' column of 'dggi_scn_records' in the schema cache"", 'code': 'PGRST204', 'hint': None, 'details': None}"
50,25/2024-25,ADD_JD,"{'message': ""Could not find the 'group_name' column of 'dggi_scn_records' in the schema cache"", 'code': 'PGRST204', 'hint': None, 'details': None}"
51,25/2025-26,ADD_JD,"{'message': ""Could not find the 'group_name' column of 'dggi_scn_records' in the schema cache"", 'code': 'PGRST204', 'hint': None, 'details': None}"
52,26/2024-25,ADD_JD,"{'message': ""Could not find the 'group_name' column of 'dggi_scn_records' in the schema cache"", 'code': 'PGRST204', 'hint': None, 'details': None}"
53,26/2025-26,ADD_JD,"{'message': ""Could not find the 'group_name' column of 'dggi_scn_records' in the schema cache"", 'code': 'PGRST204', 'hint': None, 'details': None}"
54,27/2024-25,ADD_JD,"{'message': ""Could not find the 'group_name' column of 'dggi_scn_records' in the schema cache"", 'code': 'PGRST204', 'hint': None, 'details': None}"
55,27/2025-26,ADD_JD,"{'message': ""Could not find the 'group_name' column of 'dggi_scn_records' in the schema cache"", 'code': 'PGRST204', 'hint': None, 'details': None}"
56,28/2024-25,ADD_JD,"{'message': ""Could not find the 'group_name' column of 'dggi_scn_records' in the schema cache"", 'code': 'PGRST204', 'hint': None, 'details': None}"
57,28/2025-26,ADD_JD,"{'message': ""Could not find the 'group_name' column of 'dggi_scn_records' in the schema cache"", 'code': 'PGRST204', 'hint': None, 'details': None}"
58,28/2025-26,ADD_JD,"{'message': ""Could not find the 'group_name' column of 'dggi_scn_records' in the schema cache"", 'code': 'PGRST204', 'hint': None, 'details': None}"
59,28/2025-26,ADD_JD,"{'message': ""Could not find the 'group_name' column of 'dggi_scn_records' in the schema cache"", 'code': 'PGRST204', 'hint': None, 'details': None}"
60,28/2025-26,ADD_JD,"{'message': ""Could not find the 'group_name' column of 'dggi_scn_records' in the schema cache"", 'code': 'PGRST204', 'hint': None, 'details': None}"
61,29/2025-26,ADD_JD,"{'message': ""Could not find the 'group_name' column of 'dggi_scn_records' in the schema cache"", 'code': 'PGRST204', 'hint': None, 'details': None}"
62,30/2025-26,ADD_JD,"{'message': ""Could not find the 'group_name' column of 'dggi_scn_records' in the schema cache"", 'code': 'PGRST204', 'hint': None, 'details': None}"
63,31/2025-26,ADD_JD,"{'message': ""Could not find the 'group_name' column of 'dggi_scn_records' in the schema cache"", 'code': 'PGRST204', 'hint': None, 'details': None}"
64,32/2025-26,ADD_JD,"{'message': ""Could not find the 'group_name' column of 'dggi_scn_records' in the schema cache"", 'code': 'PGRST204', 'hint': None, 'details': None}"
65,33/2025-26,ADD_JD,"{'message': ""Could not find the 'group_name' column of 'dggi_scn_records' in the schema cache"", 'code': 'PGRST204', 'hint': None, 'details': None}"
66,34/2025-26,ADD_JD,"{'message': ""Could not find the 'group_name' column of 'dggi_scn_records' in the schema cache"", 'code': 'PGRST204', 'hint': None, 'details': None}"
67,35/2025-26,ADD_JD,"{'message': ""Could not find the 'group_name' column of 'dggi_scn_records' in the schema cache"", 'code': 'PGRST204', 'hint': None, 'details': None}"
68,36/2025-26,ADD_JD,"{'message': ""Could not find the 'group_name' column of 'dggi_scn_records' in the schema cache"", 'code': 'PGRST204', 'hint': None, 'details': None}"
69,37/2025-26,ADD_JD,"{'message': ""Could not find the 'date_of_adjudication' column of 'dggi_scn_records' in the schema cache"", 'code': 'PGRST204', 'hint': None, 'details': None}"
70,38/2025-26,ADD_JD,"{'message': ""Could not find the 'group_name' column of 'dggi_scn_records' in the schema cache"", 'code': 'PGRST204', 'hint': None, 'details': None}"
71,39/2025-26,ADD_JD,"{'message': ""Could not find the 'group_name' column of 'dggi_scn_records' in the schema cache"", 'code': 'PGRST204', 'hint': None, 'details': None}"
72,40/2025-26,ADD_JD,"{'message': ""Could not find the 'group_name' column of 'dggi_scn_records' in the schema cache"", 'code': 'PGRST204', 'hint': None, 'details': None}"
73,41/2025-26,ADD_JD,"{'message': ""Could not find the 'date_of_bo_portal_upload' column of 'dggi_scn_records' in the schema cache"", 'code': 'PGRST204', 'hint': None, 'details': None}"
74,42/2025-26,ADD_JD,"{'message': ""Could not find the 'group_name' column of 'dggi_scn_records' in the schema cache"", 'code': 'PGRST204', 'hint': None, 'details': None}"
75,43/2025-26,ADD_JD,"{'message': ""Could not find the 'date_of_bo_portal_upload' column of 'dggi_scn_records' in the schema cache"", 'code': 'PGRST204', 'hint': None, 'details': None}"
76,44/2025-26,ADD_JD,"{'message': ""Could not find the 'group_name' column of 'dggi_scn_records' in the schema cache"", 'code': 'PGRST204', 'hint': None, 'details': None}"
77,45/2025-26,ADD_JD,"{'message': ""Could not find the 'group_name' column of 'dggi_scn_records' in the schema cache"", 'code': 'PGRST204', 'hint': None, 'details': None}"
78,46/2025-26,ADD_JD,"{'message': ""Could not find the 'group_name' column of 'dggi_scn_records' in the schema cache"", 'code': 'PGRST204', 'hint': None, 'details': None}"
79,46/2025-26,ADD_JD,"{'message': ""Could not find the 'date_of_adjudication' column of 'dggi_scn_records' in the schema cache"", 'code': 'PGRST204', 'hint': None, 'details': None}"
80,47/2025-26,ADD_JD,"{'message': ""Could not find the 'group_name' column of 'dggi_scn_records' in the schema cache"", 'code': 'PGRST204', 'hint': None, 'details': None}"
81,48/2025-26,ADD_JD,"{'message': ""Could not find the 'group_name' column of 'dggi_scn_records' in the schema cache"", 'code': 'PGRST204', 'hint': None, 'details': None}"
82,48/2025-26,ADD_JD,"{'message': ""Could not find the 'group_name' column of 'dggi_scn_records' in the schema cache"", 'code': 'PGRST204', 'hint': None, 'details': None}"
83,48/2025-26,ADD_JD,"{'message': ""Could not find the 'group_name' column of 'dggi_scn_records' in the schema cache"", 'code': 'PGRST204', 'hint': None, 'details': None}"
84,49/2025-26,ADD_JD,"{'message': ""Could not find the 'group_name' column of 'dggi_scn_records' in the schema cache"", 'code': 'PGRST204', 'hint': None, 'details': None}"
85,49/2025-26,ADD_JD,"{'message': ""Could not find the 'gstins' column of 'dggi_scn_records' in the schema cache"", 'code': 'PGRST204', 'hint': None, 'details': None}"
86,50/2025-26,ADD_JD,"{'message': ""Could not find the 'group_name' column of 'dggi_scn_records' in the schema cache"", 'code': 'PGRST204', 'hint': None, 'details': None}"
87,50/2025-26,ADD_JD,"{'message': ""Could not find the 'gstins' column of 'dggi_scn_records' in the schema cache"", 'code': 'PGRST204', 'hint': None, 'details': None}"
88,50/2025-26,ADD_JD,"{'message': ""Could not find the 'gstins' column of 'dggi_scn_records' in the schema cache"", 'code': 'PGRST204', 'hint': None, 'details': None}"
89,51/2025-26,ADD_JD,"{'message': ""Could not find the 'group_name' column of 'dggi_scn_records' in the schema cache"", 'code': 'PGRST204', 'hint': None, 'details': None}"
90,52/2025-26,ADD_JD,"{'message': ""Could not find the 'group_name' column of 'dggi_scn_records' in the schema cache"", 'code': 'PGRST204', 'hint': None, 'details': None}"
91,52/2025-26,ADD_JD,"{'message': ""Could not find the 'date_of_bo_portal_upload' column of 'dggi_scn_records' in the schema cache"", 'code': 'PGRST204', 'hint': None, 'details': None}"
92,53/2025-26,ADD_JD,"{'message': ""Could not find the 'group_name' column of 'dggi_scn_records' in the schema cache"", 'code': 'PGRST204', 'hint': None, 'details': None}"
93,54/2025-26,ADD_JD,"{'message': ""Could not find the 'group_name' column of 'dggi_scn_records' in the schema cache"", 'code': 'PGRST204', 'hint': None, 'details': None}"
94,55/2025-26,ADD_JD,"{'message': ""Could not find the 'group_name' column of 'dggi_scn_records' in the schema cache"", 'code': 'PGRST204', 'hint': None, 'details': None}"
95,56/2025-26,ADD_JD,"{'message': ""Could not find the 'group_name' column of 'dggi_scn_records' in the schema cache"", 'code': 'PGRST204', 'hint': None, 'details': None}"
96,57/2025-26,ADD_JD,"{'message': ""Could not find the 'group_name' column of 'dggi_scn_records' in the schema cache"", 'code': 'PGRST204', 'hint': None, 'details': None}"
97,58/2025-26,ADD_JD,"{'message': ""Could not find the 'group_name' column of 'dggi_scn_records' in the schema cache"", 'code': 'PGRST204', 'hint': None, 'details': None}"
98,59/2025-26,ADD_JD,"{'message': ""Could not find the 'group_name' column of 'dggi_scn_records' in the schema cache"", 'code': 'PGRST204', 'hint': None, 'details': None}"
99,60/2025-26,ADD_JD,"{'message': ""Could not find the 'group_name' column of 'dggi_scn_records' in the schema cache"", 'code': 'PGRST204', 'hint': None, 'details': None}"
100,61/2025-26,ADD_JD,"{'message': ""Could not find the 'group_name' column of 'dggi_scn_records' in the schema cache"", 'code': 'PGRST204', 'hint': None, 'details': None}"
101,62/2025-26,ADD_JD,"{'message': ""Could not find the 'date_of_adjudication' column of 'dggi_scn_records' in the schema cache"", 'code': 'PGRST204', 'hint': None, 'details': None}"
102,63/2025-26,ADD_JD,"{'message': ""Could not find the 'group_name' column of 'dggi_scn_records' in the schema cache"", 'code': 'PGRST204', 'hint': None, 'details': None}"
103,64/2025-26,ADD_JD,"{'message': ""Could not find the 'group_name' column of 'dggi_scn_records' in the schema cache"", 'code': 'PGRST204', 'hint': None, 'details': None}"
104,65/2025-26,ADD_JD,"{'message': ""Could not find the 'group_name' column of 'dggi_scn_records' in the schema cache"", 'code': 'PGRST204', 'hint': None, 'details': None}"
105,66/2025-26,ADD_JD,"{'message': ""Could not find the 'group_name' column of 'dggi_scn_records' in the schema cache"", 'code': 'PGRST204', 'hint': None, 'details': None}"
106,67/2025-26,ADD_JD,"{'message': ""Could not find the 'date_of_bo_portal_upload' column of 'dggi_scn_records' in the schema cache"", 'code': 'PGRST204', 'hint': None, 'details': None}"
107,68/2025-26,ADD_JD,"{'message': ""Could not find the 'group_name' column of 'dggi_scn_records' in the schema cache"", 'code': 'PGRST204', 'hint': None, 'details': None}"
108,70/2025-26,ADD_JD,"{'message': ""Could not find the 'group_name' column of 'dggi_scn_records' in the schema cache"", 'code': 'PGRST204', 'hint': None, 'details': None}"
109,71/2025-26,ADD_JD,"{'message': ""Could not find the 'group_name' column of 'dggi_scn_records' in the schema cache"", 'code': 'PGRST204', 'hint': None, 'details': None}"
110,72/2025-26,ADD_JD,"{'message': ""Could not find the 'group_name' column of 'dggi_scn_records' in the schema cache"", 'code': 'PGRST204', 'hint': None, 'details': None}"
111,73/2025-26,ADD_JD,"{'message': ""Could not find the 'group_name' column of 'dggi_scn_records' in the schema cache"", 'code': 'PGRST204', 'hint': None, 'details': None}"
112,74/2025-26,ADD_JD,"{'message': ""Could not find the 'group_name' column of 'dggi_scn_records' in the schema cache"", 'code': 'PGRST204', 'hint': None, 'details': None}"
113,75/2025-26,ADD_JD,"{'message': ""Could not find the 'group_name' column of 'dggi_scn_records' in the schema cache"", 'code': 'PGRST204', 'hint': None, 'details': None}"
114,76/2025-26,ADD_JD,"{'message': ""Could not find the 'group_name' column of 'dggi_scn_records' in the schema cache"", 'code': 'PGRST204', 'hint': None, 'details': None}"
115,77/2025-26,ADD_JD,"{'message': ""Could not find the 'date_of_bo_portal_upload' column of 'dggi_scn_records' in the schema cache"", 'code': 'PGRST204', 'hint': None, 'details': None}"
116,78/2025-26,ADD_JD,"{'message': ""Could not find the 'group_name' column of 'dggi_scn_records' in the schema cache"", 'code': 'PGRST204', 'hint': None, 'details': None}"
117,78/2025-26,ADD_JD,"{'message': ""Could not find the 'group_name' column of 'dggi_scn_records' in the schema cache"", 'code': 'PGRST204', 'hint': None, 'details': None}"
118,79/2025-26,ADD_JD,"{'message': ""Could not find the 'group_name' column of 'dggi_scn_records' in the schema cache"", 'code': 'PGRST204', 'hint': None, 'details': None}"
119,80/2025-26,ADD_JD,"{'message': ""Could not find the 'group_name' column of 'dggi_scn_records' in the schema cache"", 'code': 'PGRST204', 'hint': None, 'details': None}"
120,81/2025-26,ADD_JD,"{'message': ""Could not find the 'group_name' column of 'dggi_scn_records' in the schema cache"", 'code': 'PGRST204', 'hint': None, 'details': None}"
121,82/2025-26,ADD_JD,"{'message': ""Could not find the 'gstins' column of 'dggi_scn_records' in the schema cache"", 'code': 'PGRST204', 'hint': None, 'details': None}"
122,83/2025-26,ADD_JD,"{'message': ""Could not find the 'group_name' column of 'dggi_scn_records' in the schema cache"", 'code': 'PGRST204', 'hint': None, 'details': None}"
123,84/2025-26,ADD_JD,"{'message': ""Could not find the 'group_name' column of 'dggi_scn_records' in the schema cache"", 'code': 'PGRST204', 'hint': None, 'details': None}"
124,85/2025-26,ADD_JD,"{'message': ""Could not find the 'group_name' column of 'dggi_scn_records' in the schema cache"", 'code': 'PGRST204', 'hint': None, 'details': None}"
125,86/2025-26,ADD_JD,"{'message': ""Could not find the 'group_name' column of 'dggi_scn_records' in the schema cache"", 'code': 'PGRST204', 'hint': None, 'details': None}"
126,87/2025-26,ADD_JD,"{'message': ""Could not find the 'group_name' column of 'dggi_scn_records' in the schema cache"", 'code': 'PGRST204', 'hint': None, 'details': None}"
127,89/2025-26,ADD_JD,"{'message': ""Could not find the 'group_name' column of 'dggi_scn_records' in the schema cache"", 'code': 'PGRST204', 'hint': None, 'details': None}"
128,89/2025-26,ADD_JD,"{'message': ""Could not find the 'group_name' column of 'dggi_scn_records' in the schema cache"", 'code': 'PGRST204', 'hint': None, 'details': None}"
129,90/2025-26,ADD_JD,"{'message': ""Could not find the 'group_name' column of 'dggi_scn_records' in the schema cache"", 'code': 'PGRST204', 'hint': None, 'details': None}"
130,91/2025-26,ADD_JD,"{'message': ""Could not find the 'group_name' column of 'dggi_scn_records' in the schema cache"", 'code': 'PGRST204', 'hint': None, 'details': None}"
131,92/2025-26,ADD_JD,"{'message': ""Could not find the 'group_name' column of 'dggi_scn_records' in the schema cache"", 'code': 'PGRST204', 'hint': None, 'details': None}"
132,93/2025-26,ADD_JD,"{'message': ""Could not find the 'group_name' column of 'dggi_scn_records' in the schema cache"", 'code': 'PGRST204', 'hint': None, 'details': None}"
133,94/2025-26,ADD_JD,"{'message': ""Could not find the 'gstins' column of 'dggi_scn_records' in the schema cache"", 'code': 'PGRST204', 'hint': None, 'details': None}"
134,95/2025-26,ADD_JD,"{'message': ""Could not find the 'group_name' column of 'dggi_scn_records' in the schema cache"", 'code': 'PGRST204', 'hint': None, 'details': None}"
135,96/2025-26,ADD_JD,"{'message': ""Could not find the 'group_name' column of 'dggi_scn_records' in the schema cache"", 'code': 'PGRST204', 'hint': None, 'details': None}"
136,97/2025-26,ADD_JD,"{'message': ""Could not find the 'group_name' column of 'dggi_scn_records' in the schema cache"", 'code': 'PGRST204', 'hint': None, 'details': None}"
137,98/2025-26,ADD_JD,"{'message': ""Could not find the 'group_name' column of 'dggi_scn_records' in the schema cache"", 'code': 'PGRST204', 'hint': None, 'details': None}"
138,99/2025-26,ADD_JD,"{'message': ""Could not find the 'group_name' column of 'dggi_scn_records' in the schema cache"", 'code': 'PGRST204', 'hint': None, 'details': None}"
139,100/2025-26,ADD_JD,"{'message': ""Could not find the 'group_name' column of 'dggi_scn_records' in the schema cache"", 'code': 'PGRST204', 'hint': None, 'details': None}"
140,101/2025-26,ADD_JD,"{'message': ""Could not find the 'date_of_bo_portal_upload' column of 'dggi_scn_records' in the schema cache"", 'code': 'PGRST204', 'hint': None, 'details': None}"
141,102/2025-26,ADD_JD,"{'message': ""Could not find the 'group_name' column of 'dggi_scn_records' in the schema cache"", 'code': 'PGRST204', 'hint': None, 'details': None}"
142,103/2025-26,ADD_JD,"{'message': ""Could not find the 'group_name' column of 'dggi_scn_records' in the schema cache"", 'code': 'PGRST204', 'hint': None, 'details': None}"
143,104/2025-26,ADD_JD,"{'message': ""Could not find the 'group_name' column of 'dggi_scn_records' in the schema cache"", 'code': 'PGRST204', 'hint': None, 'details': None}"
144,105/2025-26,ADD_JD,"{'message': ""Could not find the 'group_name' column of 'dggi_scn_records' in the schema cache"", 'code': 'PGRST204', 'hint': None, 'details': None}"
145,106/2025-26,ADD_JD,"{'message': ""Could not find the 'group_name' column of 'dggi_scn_records' in the schema cache"", 'code': 'PGRST204', 'hint': None, 'details': None}"
146,107/2025-26,ADD_JD,"{'message': ""Could not find the 'group_name' column of 'dggi_scn_records' in the schema cache"", 'code': 'PGRST204', 'hint': None, 'details': None}"
147,108/2025-26,ADD_JD,"{'message': ""Could not find the 'group_name' column of 'dggi_scn_records' in the schema cache"", 'code': 'PGRST204', 'hint': None, 'details': None}"
148,108/2025-26,ADD_JD,"{'message': ""Could not find the 'gstins' column of 'dggi_scn_records' in the schema cache"", 'code': 'PGRST204', 'hint': None, 'details': None}"
149,109/2025-26,ADD_JD,"{'message': ""Could not find the 'group_name' column of 'dggi_scn_records' in the schema cache"", 'code': 'PGRST204', 'hint': None, 'details': None}"
150,110/2025-26,ADD_JD,"{'message': ""Could not find the 'date_of_bo_portal_upload' column of 'dggi_scn_records' in the schema cache"", 'code': 'PGRST204', 'hint': None, 'details': None}"
151,111/2025-26,ADD_JD,"{'message': ""Could not find the 'group_name' column of 'dggi_scn_records' in the schema cache"", 'code': 'PGRST204', 'hint': None, 'details': None}"
152,112/2025-26,ADD_JD,"{'message': ""Could not find the 'group_name' column of 'dggi_scn_records' in the schema cache"", 'code': 'PGRST204', 'hint': None, 'details': None}"
153,113/2025-26,ADD_JD,"{'message': ""Could not find the 'group_name' column of 'dggi_scn_records' in the schema cache"", 'code': 'PGRST204', 'hint': None, 'details': None}"
154,114/2025-26,ADD_JD,"{'message': ""Could not find the 'group_name' column of 'dggi_scn_records' in the schema cache"", 'code': 'PGRST204', 'hint': None, 'details': None}"
155,115/2025-26,ADD_JD,"{'message': ""Could not find the 'group_name' column of 'dggi_scn_records' in the schema cache"", 'code': 'PGRST204', 'hint': None, 'details': None}"
156,116/2025-26,ADD_JD,"{'message': ""Could not find the 'group_name' column of 'dggi_scn_records' in the schema cache"", 'code': 'PGRST204', 'hint': None, 'details': None}"
157,117/2025-26,ADD_JD,"{'message': ""Could not find the 'group_name' column of 'dggi_scn_records' in the schema cache"", 'code': 'PGRST204', 'hint': None, 'details': None}"
158,118/2025-26,ADD_JD,"{'message': ""Could not find the 'group_name' column of 'dggi_scn_records' in the schema cache"", 'code': 'PGRST204', 'hint': None, 'details': None}"
159,119/2025-26,ADD_JD,"{'message': ""Could not find the 'group_name' column of 'dggi_scn_records' in the schema cache"", 'code': 'PGRST204', 'hint': None, 'details': None}"
160,120/2025-26,ADD_JD,"{'message': ""Could not find the 'group_name' column of 'dggi_scn_records' in the schema cache"", 'code': 'PGRST204', 'hint': None, 'details': None}"
161,121/2025-26,ADD_JD,"{'message': ""Could not find the 'group_name' column of 'dggi_scn_records' in the schema cache"", 'code': 'PGRST204', 'hint': None, 'details': None}"
162,122/2025-26,ADD_JD,"{'message': ""Could not find the 'group_name' column of 'dggi_scn_records' in the schema cache"", 'code': 'PGRST204', 'hint': None, 'details': None}"
163,123/2025-26,ADD_JD,"{'message': ""Could not find the 'group_name' column of 'dggi_scn_records' in the schema cache"", 'code': 'PGRST204', 'hint': None, 'details': None}"
164,124/2025-26,ADD_JD,"{'message': ""Could not find the 'group_name' column of 'dggi_scn_records' in the schema cache"", 'code': 'PGRST204', 'hint': None, 'details': None}"
165,125/2025-26,ADD_JD,"{'message': ""Could not find the 'group_name' column of 'dggi_scn_records' in the schema cache"", 'code': 'PGRST204', 'hint': None, 'details': None}"
166,126/2025-26,ADD_JD,"{'message': ""Could not find the 'group_name' column of 'dggi_scn_records' in the schema cache"", 'code': 'PGRST204', 'hint': None, 'details': None}"
167,127/2025-26,ADD_JD,"{'message': ""Could not find the 'group_name' column of 'dggi_scn_records' in the schema cache"", 'code': 'PGRST204', 'hint': None, 'details': None}"
168,128/2025-26,ADD_JD,"{'message': ""Could not find the 'group_name' column of 'dggi_scn_records' in the schema cache"", 'code': 'PGRST204', 'hint': None, 'details': None}"
169,129/2025-26,ADD_JD,"{'message': ""Could not find the 'group_name' column of 'dggi_scn_records' in the schema cache"", 'code': 'PGRST204', 'hint': None, 'details': None}"
170,130/2025-26,ADD_JD,"{'message': ""Could not find the 'group_name' column of 'dggi_scn_records' in the schema cache"", 'code': 'PGRST204', 'hint': None, 'details': None}"
171,131/2025-26,ADD_JD,"{'message': ""Could not find the 'group_name' column of 'dggi_scn_records' in the schema cache"", 'code': 'PGRST204', 'hint': None, 'details': None}"
172,132/2025-26,ADD_JD,"{'message': ""Could not find the 'group_name' column of 'dggi_scn_records' in the schema cache"", 'code': 'PGRST204', 'hint': None, 'details': None}"
173,133/2025-26,ADD_JD,"{'message': ""Could not find the 'group_name' column of 'dggi_scn_records' in the schema cache"", 'code': 'PGRST204', 'hint': None, 'details': None}"
174,134/2025-26,ADD_JD,"{'message': ""Could not find the 'group_name' column of 'dggi_scn_records' in the schema cache"", 'code': 'PGRST204', 'hint': None, 'details': None}"
175,135/2025-26,ADD_JD,"{'message': ""Could not find the 'group_name' column of 'dggi_scn_records' in the schema cache"", 'code': 'PGRST204', 'hint': None, 'details': None}"
176,136/2025-26,ADD_JD,"{'message': ""Could not find the 'date_of_bo_portal_upload' column of 'dggi_scn_records' in the schema cache"", 'code': 'PGRST204', 'hint': None, 'details': None}"
177,137/2025-26,ADD_JD,"{'message': ""Could not find the 'date_of_bo_portal_upload' column of 'dggi_scn_records' in the schema cache"", 'code': 'PGRST204', 'hint': None, 'details': None}"
178,138/2025-26,ADD_JD,"{'message': ""Could not find the 'group_name' column of 'dggi_scn_records' in the schema cache"", 'code': 'PGRST204', 'hint': None, 'details': None}"
179,139/2025-26,ADD_JD,"{'message': ""Could not find the 'group_name' column of 'dggi_scn_records' in the schema cache"", 'code': 'PGRST204', 'hint': None, 'details': None}"
180,140/2025-26,ADD_JD,"{'message': ""Could not find the 'group_name' column of 'dggi_scn_records' in the schema cache"", 'code': 'PGRST204', 'hint': None, 'details': None}"
181,141/2025-26,ADD_JD,"{'message': ""Could not find the 'group_name' column of 'dggi_scn_records' in the schema cache"", 'code': 'PGRST204', 'hint': None, 'details': None}"
182,142/2025-26,ADD_JD,"{'message': ""Could not find the 'gstins' column of 'dggi_scn_records' in the schema cache"", 'code': 'PGRST204', 'hint': None, 'details': None}"
183,143/2025-26,ADD_JD,"{'message': ""Could not find the 'group_name' column of 'dggi_scn_records' in the schema cache"", 'code': 'PGRST204', 'hint': None, 'details': None}"
184,144/2025-26,ADD_JD,"{'message': ""Could not find the 'group_name' column of 'dggi_scn_records' in the schema cache"", 'code': 'PGRST204', 'hint': None, 'details': None}"
185,145/2025-26,ADD_JD,"{'message': ""Could not find the 'group_name' column of 'dggi_scn_records' in the schema cache"", 'code': 'PGRST204', 'hint': None, 'details': None}"
186,146/2025-26,ADD_JD,"{'message': ""Could not find the 'group_name' column of 'dggi_scn_records' in the schema cache"", 'code': 'PGRST204', 'hint': None, 'details': None}"
187,147/2025-26,ADD_JD,"{'message': ""Could not find the 'group_name' column of 'dggi_scn_records' in the schema cache"", 'code': 'PGRST204', 'hint': None, 'details': None}"
188,148/2025-26,ADD_JD,"{'message': ""Could not find the 'group_name' column of 'dggi_scn_records' in the schema cache"", 'code': 'PGRST204', 'hint': None, 'details': None}"
189,149/2025-26,ADD_JD,"{'message': ""Could not find the 'group_name' column of 'dggi_scn_records' in the schema cache"", 'code': 'PGRST204', 'hint': None, 'details': None}"
190,150/2025-26,ADD_JD,"{'message': ""Could not find the 'group_name' column of 'dggi_scn_records' in the schema cache"", 'code': 'PGRST204', 'hint': None, 'details': None}"
191,151/2025-26,ADD_JD,"{'message': ""Could not find the 'group_name' column of 'dggi_scn_records' in the schema cache"", 'code': 'PGRST204', 'hint': None, 'details': None}"
192,152/2025-26,ADD_JD,"{'message': ""Could not find the 'group_name' column of 'dggi_scn_records' in the schema cache"", 'code': 'PGRST204', 'hint': None, 'details': None}"
193,153/2025-26,ADD_JD,"{'message': ""Could not find the 'group_name' column of 'dggi_scn_records' in the schema cache"", 'code': 'PGRST204', 'hint': None, 'details': None}"
194,154/2025-26,ADD_JD,"{'message': ""Could not find the 'group_name' column of 'dggi_scn_records' in the schema cache"", 'code': 'PGRST204', 'hint': None, 'details': None}"
195,155/2025-26,ADD_JD,"{'message': ""Could not find the 'group_name' column of 'dggi_scn_records' in the schema cache"", 'code': 'PGRST204', 'hint': None, 'details': None}"
1,01/2026-27,ADD_JD,"{'message': ""Could not find the 'group_name' column of 'dggi_scn_records' in the schema cache"", 'code': 'PGRST204', 'hint': None, 'details': None}"
2,02/2026-27,ADD_JD,"{'message': ""Could not find the 'group_name' column of 'dggi_scn_records' in the schema cache"", 'code': 'PGRST204', 'hint': None, 'details': None}"
3,03/2026-27,ADD_JD,"{'message': ""Could not find the 'group_name' column of 'dggi_scn_records' in the schema cache"", 'code': 'PGRST204', 'hint': None, 'details': None}"
4,04/2026-27,ADD_JD,"{'message': ""Could not find the 'group_name' column of 'dggi_scn_records' in the schema cache"", 'code': 'PGRST204', 'hint': None, 'details': None}"
5,05/2026-27,ADD_JD,"{'message': ""Could not find the 'group_name' column of 'dggi_scn_records' in the schema cache"", 'code': 'PGRST204', 'hint': None, 'details': None}"
6,06/2026-27,ADD_JD,"{'message': ""Could not find the 'group_name' column of 'dggi_scn_records' in the schema cache"", 'code': 'PGRST204', 'hint': None, 'details': None}"
7,07/2026-27,ADD_JD,"{'message': ""Could not find the 'source_sheet' column of 'dggi_scn_records' in the schema cache"", 'code': 'PGRST204', 'hint': None, 'details': None}"
8,08/2026-27,ADD_JD,"{'message': ""Could not find the 'group_name' column of 'dggi_scn_records' in the schema cache"", 'code': 'PGRST204', 'hint': None, 'details': None}"
9,09/2026-27,ADD_JD,"{'message': ""Could not find the 'group_name' column of 'dggi_scn_records' in the schema cache"", 'code': 'PGRST204', 'hint': None, 'details': None}"
10,10/2026-27,ADD_JD,"{'message': ""Could not find the 'group_name' column of 'dggi_scn_records' in the schema cache"", 'code': 'PGRST204', 'hint': None, 'details': None}"
11,11/2026-27,ADD_JD,"{'message': ""Could not find the 'group_name' column of 'dggi_scn_records' in the schema cache"", 'code': 'PGRST204', 'hint': None, 'details': None}"
12,12/2026-27,ADD_JD,"{'message': ""Could not find the 'group_name' column of 'dggi_scn_records' in the schema cache"", 'code': 'PGRST204', 'hint': None, 'details': None}"
13,13/2026-27,ADD_JD,"{'message': ""Could not find the 'group_name' column of 'dggi_scn_records' in the schema cache"", 'code': 'PGRST204', 'hint': None, 'details': None}"
14,14/2026-27,ADD_JD,"{'message': ""Could not find the 'group_name' column of 'dggi_scn_records' in the schema cache"", 'code': 'PGRST204', 'hint': None, 'details': None}"
15,15/2026-27,ADD_JD,"{'message': ""Could not find the 'group_name' column of 'dggi_scn_records' in the schema cache"", 'code': 'PGRST204', 'hint': None, 'details': None}"
